<?xml version="1.0" encoding="UTF-8"?>
<Books id="root">
  <Book1 id="1">
      <title1>Circumference</title1>
      <author1>Nicholas Nicastro</author1>
      <summary1>Eratosthenes and the Ancient</summary1>
  </Book1>
  <Book2 id="2">
      <title2>Copernicus Secret</title2>
      <author2>Jack Repcheck</author2>
      <summary2>How the scientific revolution began</summary2>
  </Book2>
  <Book3 id="3">
      <title3>Angels and Demons</title3>
      <author3>Dan Brown</author3>
      <summary3>Robert Langdon is summoned to a Swiss</summary3>
  </Book3>
</Books>
